{
  "total_count": 280,
  "incomplete_results": false,
  "items": [
    {
      "url": "https://api.github.com/repos/batterseapower/pinyin-toolkit/issues/132",
      "labels_url": "https://api.github.com/repos/batterseapower/pinyin-toolkit/issues/132/labels{/name}",
      "comments_url": "https://api.github.com/repos/batterseapower/pinyin-toolkit/issues/132/comments",
      "events_url": "https://api.github.com/repos/batterseapower/pinyin-toolkit/issues/132/events",
      "html_url": "https://github.com/batterseapower/pinyin-toolkit/issues/132",
      "id": 35802,
      "number": 132,
      "title": "Line Number Indexes Beyond 20 Not Displayed",
      "user": {
        "login": "Nick3C",
        "id": 90254,
        "avatar_url": "https://secure.gravatar.com/avatar/934442aadfe3b2f4630510de416c5718?d=https://a248.e.akamai.net/assets.github.com%2Fimages%2Fgravatars%2Fgravatar-user-420.png",
        "gravatar_id": "",
        "url": "https://api.github.com/users/Nick3C",
        "html_url": "https://github.com/Nick3C",
        "followers_url": "https://api.github.com/users/Nick3C/followers",
        "following_url": "https://api.github.com/users/Nick3C/following{/other_user}",
        "gists_url": "https://api.github.com/users/Nick3C/gists{/gist_id}",
        "starred_url": "https://api.github.com/users/Nick3C/starred{/owner}{/repo}",
        "subscriptions_url": "https://api.github.com/users/Nick3C/subscriptions",
        "organizations_url": "https://api.github.com/users/Nick3C/orgs",
        "repos_url": "https://api.github.com/users/Nick3C/repos",
        "events_url": "https://api.github.com/users/Nick3C/events{/privacy}",
        "received_events_url": "https://api.github.com/users/Nick3C/received_events",
        "type": "User"
      },
      "labels": [
        {
          "url": "https://api.github.com/repos/batterseapower/pinyin-toolkit/labels/bug",
          "name": "bug",
          "color": "ff0000"
        }
      ],
      "state": "open",
      "assignee": null,
      "milestone": null,
      "comments": 15,
      "created_at": "2009-07-12T20:10:41Z",
      "updated_at": "2009-07-19T09:23:43Z",
      "closed_at": null,
      "pull_request": {
        "html_url": null,
        "diff_url": null,
        "patch_url": null
      },
      "body": "...",
      "score": 1.3859273
    }
  ]
}