{
  "$schema": "http://json-schema.org/draft-04/schema#",
  "title": "Markdown schema",
  "type": "object",
  "properties": {
    "text": {
      "description": "The Markdown text to render",
      "type": "string"
    },
    "mode": {
      "description": "The rendering mode. Can be either:\n * markdown to render a document as plain Markdown, just like README files are rendered.\n * gfm to render a document as user-content, e.g. like user comments or issues are rendered. In GFM mode, hard line breaks are always taken into account, and issue and user mentions are linked accordingly.",
      "type": "string",
      "enum": [
        "markdown",
        "gfm"
      ],
      "default": "markdown"
    },
    "context": {
      "description": "The repository context. Only taken into account when rendering as gfm",
      "type": "string"
    }
  },
  "required": [
    "text"
  ]
}